"","minimum","q1","median","mean","q3","maximum"
"1",601.598737819978,13897.1954055795,18468.1470718019,20542.6813514563,24433.4025745798,63176.2662355933
